{
  "vocabulary_size": 27224,
  "total_tokens": {
    "train": 1167894118,
    "val": 11907471,
    "test": 11808149,
    "total": 1191609738
  },
  "sequence_count": {
    "train": 257964,
    "val": 2632,
    "test": 2633,
    "total": 263229
  },
  "sequence_length_distribution": {
    "min": 30,
    "max": 5000,
    "mean": 4524.893837685057,
    "median": 5000.0,
    "std": 1163.5324797597436
  },
  "conversion_success_rate": {
    "total_midi_files": 116189,
    "successful": 115296,
    "failed": 893,
    "success_rate": 99.23
  },
  "quality_filters": {
    "min_tokens": 30,
    "max_tokens": 5000,
    "filtered_too_short": 0,
    "sequences_from_splits": 257141
  }
}